token,similarity
sinking,0.3885488357501477
make,0.36489442753087575
this,0.5304854940236415
",",0.3123317774818704
.,0.3107216030417118
what,0.33910172859307075
treasures,0.36376709542426494
there,0.48900166440423426
good,0.46537932100416324
you,0.32407509045225075
your,0.3485986342834973
Nothing,0.39747598640853754
the,0.37922089537735726
one,0.39528241873947684
but,0.3212416674285159
matter,0.3377442388280904
still,0.4088770998818493
selling,0.41942284031074606
those,0.3568971441457274
pretty,0.33645460590814813
time,0.40219089898464827
will,0.35996447009817945
for,0.3979100802304985
right,0.4066769021302545
problem,0.3282183445028258
now,0.31942032679704035
need,0.32726128606578864
big,0.37096333348723476
take,0.31528156609295216
nice,0.3722053854038757
little,0.42355132235716597
much,0.37431088879158597
could,0.31884326957698206
parts,0.31183903428783993
understand,0.46792685213042534
rather,0.3972599971572874
hard,0.33977298498752184
lately,0.3805432043428624
probably,0.394916641322799
choice,0.3738615514179004
outrageously,0.37332923217777875
like,0.45258670603210976
Because,0.35244691343435924
going,0.44114129547852104
show,0.38109220085275475
course,0.4562000829604371
perform,0.3760723484082836
flaming,0.3605160472927545
careful,0.37628479475686855
about,0.41996325822611513
obvious,0.5223108592986085
that,0.4719632986671253
previous,0.3737633844308087
idea,0.3514380942997703
here,0.48136486148752344
and,0.393773375311556
yourself,0.38571884728304134
difficult,0.5162285928765855
creature,0.4140736113833287
more,0.4465669294074905
with,0.39219844518666164
risky,0.36283904025419905
talking,0.47541811763569075
This,0.3622951644445436
want,0.307300962826036
tonight,0.3625499696251984
something,0.5208963769769004
truly,0.4464371774589965
special,0.5355088315515637
magnificent,0.4761120393803925
rare,0.36749050649889614
generations,0.4017353720384127
...,0.3900238744246651
Fabulous,0.4925318859784103
well,0.4298573529116053
companion,0.4113273019276709
life,0.369916830855731
means,0.3375888761143953
always,0.4866264901582119
together,0.5166808664073403
Always,0.3059680556526814
some,0.48903645669341544
kind,0.42386547236570893
looking,0.6025607205847189
nothing,0.4161467138175143
have,0.3306873502199827
fight,0.3010016023713995
see,0.31556983837160174
help,0.35252727439767967
movements,0.4085586806522179
looks,0.38265038172031063
around,0.38477858165066614
people,0.3411664082474415
believe,0.3342538692648147
just,0.39108846132507386
our,0.4019488196541688
responsibility,0.35217727582932157
most,0.39308972785643503
important,0.605542332430059
mission,0.37253849621058815
space,0.39705376916479035
better,0.4703366736769221
find,0.34391726516769233
easy,0.39463388993682214
really,0.5618697371126566
astounding,0.6945926647370894
colorful,0.4782025443974165
making,0.5233010968482738
should,0.3382169472238757
know,0.3058423196258979
stronger,0.4311705233623397
expected,0.4731179304318263
expect,0.4520902319484235
world,0.45546291641589914
full,0.3370039305467056
surprises,0.5580607378603739
through,0.4476430672452111
recently,0.341413572780037
inside,0.36672011471101745
love,0.3817203578020958
where,0.39711670556437656
expecting,0.5833700300537876
young,0.36149501943902773
quite,0.41733939512525736
long,0.30988420727209354
vision,0.4673553388687192
many,0.42535280157713756
helping,0.4708854418831162
emotions,0.44964796562198117
turbulent,0.37403595020991315
swirling,0.4180813562965982
gentle,0.3125592585446553
peaceful,0.3666970235580307
very,0.43776423833973876
rested,0.31759777844306475
judging,0.36237984738277607
prepared,0.44048220458977083
energies,0.41634120623850923
unbreakable,0.43600156037700566
reading,0.5465278974164495
energy,0.36736247966009233
sense,0.3643361789158264
invisible,0.3905273409527448
connect,0.38008421100146106
all,0.43677302566278975
great,0.6349553154342403
doing,0.45353218000458256
sensitive,0.47627549104173206
boundaries,0.3755538912413901
completely,0.43121204447133626
surrounded,0.31400136739946444
There,0.40477829406205024
part,0.3914331302768581
produce,0.43793310773919686
hope,0.3530082183687039
festival,0.3462992154648829
holiday,0.3714378614456395
comes,0.38886974591571816
Having,0.3943228191284251
huge,0.378299910101148
appreciated,0.5637045597708061
appreciate,0.5075497695424394
their,0.34569545974188204
look,0.40900433104435147
biggest,0.3915998011158038
ever,0.3843965300954764
bright,0.516744301185503
dangerous,0.47403252076877817
sure,0.3221794184786913
these,0.4345767555375568
they,0.3059019662185364
ruining,0.4128768449076856
awesome,0.6160452362839295
suggest,0.3756817541713321
welcome,0.5168837319285698
helps,0.33460948982801025
true,0.33391125831461915
considering,0.5950080607181396
past,0.3174788549420881
glorious,0.5535855517160425
think,0.3967624698194946
society,0.33877098072451917
would,0.31638368286816276
fair,0.30372621320715015
question,0.3742419416787062
chance,0.4203828311538442
clear,0.3437089506576888
only,0.31888333261832646
way,0.34570109574340047
follow,0.3505743645750733
includes,0.334897802112875
paying,0.312357083396738
supposed,0.33931768531473455
whole,0.42617335505588233
nation,0.31500727806757955
Airbending,0.45459554310107037
trying,0.35212958954556856
saving,0.41542005554019035
thinking,0.5631370106235263
either,0.32260931975766494
reason,0.3136358221760445
thought,0.45022873604993974
expert,0.4094837055480389
classified,0.3182240430097846
such,0.3533888536614844
famous,0.3404675798371713
solving,0.4717152525848551
missing,0.38320532236543264
wanted,0.35029089485681897
real,0.46010915372136435
deeper,0.36729641114459083
new,0.5408789310444068
props,0.32965998336670577
ready,0.4554306359662673
footprint,0.30799153573094357
today,0.5043461170192484
emerged,0.32265515211465307
free,0.30292862535139303
same,0.3061498658703889
set,0.30122157373990355
story,0.3756659364948524
enough,0.35914003732802896
Actually,0.41678750504584106
other,0.46526374336125675
impact,0.38693520646385837
inspired,0.5058996430049881
change,0.43302815028226194
relics,0.3433345656823981
connected,0.4283937206805625
spirit,0.32608438748839236
exquisite,0.43732396785181
touching,0.46509683812977615
enormous,0.45647769762755797
things,0.4827959375317127
anything,0.3873879468614526
therefore,0.4220334724305143
linking,0.49731360404732716
Brilliant,0.4486927442160529
come,0.399641317386951
smart,0.4119487218225567
handsome,0.34817427458858763
funny,0.32426329369504064
mention,0.39632284298068904
seeing,0.46703774577970036
place,0.3610744714628074
committing,0.4937569969852979
Honorable,0.3550325239856084
solid,0.376885378433414
investigation,0.3111747846353425
strong,0.45830416895485676
Evidence,0.3233167329164292
works,0.38669887861352126
Simple,0.3071775498268754
loved,0.35472683014072376
because,0.40282344006074877
present,0.4982740086997583
remember,0.3795123704596709
large,0.31088278911400297
Furthermore,0.44866216708591317
painting,0.41346031122686605
serious,0.5044909998205069
shopping,0.4705635670424704
honest,0.34397336151981883
best,0.461463998314531
delicious,0.5581173815576898
whether,0.33886924124178186
struggle,0.35966447467079865
simple,0.48289430357422775
without,0.31499456696539924
capture,0.40126083253975053
problems,0.34651026107377997
meaning,0.41149376379597674
inner,0.32952978894315
strength,0.33720633261127897
already,0.39004232045895815
everybody,0.36921399939614996
ridiculous,0.3699588398093581
horrible,0.349278713852326
expanding,0.5716474465650785
continent,0.4604059776575467
immediate,0.38701435843216186
passively,0.5089509381845133
created,0.4184751009639697
Bring,0.3751582583794748
lot,0.36235421216445257
helped,0.31414283988962105
realize,0.41327987680650147
traveling,0.4992534682133052
community,0.43411572779603297
celebrate,0.46505191630795595
reminded,0.35574075143942735
everyone,0.47175917707040327
them,0.31610667642533685
moment,0.445079966257509
mental,0.32646937914536023
impressed,0.47986516644289473
coming,0.5409658184778855
knowing,0.44654670899473087
needed,0.3646495233821085
protecting,0.3607810551365778
grown,0.3094548027123105
gives,0.3459496493048235
presence,0.4290537409708407
Welcome,0.35714195947769
anything-,0.3873879468614526
craft,0.4370588435777451
ointments,0.33437187634343885
Everything,0.3977761661696036
even,0.4054726948806341
prunes,0.30158615451497667
along,0.3395163993118932
animals,0.3059876562562016
hilarious,0.5391338340907964
adventures,0.5796777336492648
which,0.3276745364563795
everything,0.4886375437059441
hindsight,0.4496881152448848
fragile,0.3122146951195785
certain,0.46269788924410665
regularly,0.422842010832706
friends,0.4049966038453848
consider,0.46493193991724446
Really,0.43017882299328936
incredible,0.7591544234208796
first,0.3385014498366256
travel,0.3836603748452199
proud,0.3278905744544535
fresh,0.43951519049497867
moving,0.5040803000875957
Littering,0.4466226545017249
sentimental,0.40545211191823144
dodging,0.40175420613137264
stories,0.4441393394593573
takes,0.365609048272999
stopping,0.43754884396283694
likes,0.33206045209273105
surprise,0.4737536191957325
done,0.3016572996233251
weaving,0.43065350621517995
field,0.3679724430471369
wisely,0.342328935512303
main,0.30987804878698544
steady,0.34583192059450235
less,0.31119897752132325
proven,0.39074624358218624
should-,0.3382169472238757
courage,0.3484426113292583
inspires,0.5787381313676294
Trusted,0.31334193023865287
would-,0.31638368286816276
getting,0.5109468043050136
close,0.3466080144246158
sounds,0.37318887245896437
painful,0.3164092778438177
using,0.33019056061197244
scent,0.3330747263738699
wonder,0.3660790644602841
seeking,0.4430996276472941
different,0.545825777137774
starting,0.5922087226868364
feeling,0.4167513935158051
thing,0.4262308088073406
Something,0.4390730864479168
Today,0.35070514186448093
searching,0.5401044156947301
finally,0.3828917435205767
earthbending,0.45459554310107037
perfect,0.5456370764358428
morning,0.3176717847639446
teach,0.3412903435228843
learn,0.45535098609787256
start,0.461168985678719
key,0.3426596575245792
element,0.41152179857488286
actual,0.46298809061254065
motion,0.35867856340695276
unconscious,0.30848347510779434
surprising,0.6924971086670706
bracing,0.41338748464502845
advanced,0.5157547537451396
firebending,0.45459554310107037
needs,0.33102110741650786
resume,0.3204137886479154
training,0.46801189527417336
exactly,0.327939468775217
another,0.4808960839074116
clever,0.4814773553182851
solution,0.39548540783704983
positive,0.47731327150324526
teaching,0.5175840888515674
experience,0.6211726201419612
encouragement,0.49818330199707156
direction,0.3762082970120044
unfortunately,0.468376051441877
closer,0.38570830145303453
aggression,0.3738976906658092
emotion,0.4462308828351491
lightning,0.399153598312253
precise,0.3946162921881644
technique,0.41796057015660015
requires,0.35139681573106313
drinking,0.4030557899841975
both,0.39001078021838087
Positive,0.4276477886342149
negative,0.38622841619646914
select,0.31766229986998257
separate,0.31441067734794936
creates,0.5184868230067794
imbalance,0.3600994741670754
balance,0.3600994741670754
crashing,0.31800802107057324
provide,0.36828148714886877
guidance,0.3834190762625895
creating,0.6338119281127433
Remember,0.3284327728752156
simply,0.39745728840714134
guide,0.3841755336562588
attitude,0.32258325355748063
actually,0.5388829124929334
vibrations,0.39612448591255994
thanks,0.41374823042186126
tough,0.4569263443884378
pleasure,0.5016896762848742
smashing,0.33285464745026194
jumping,0.3586124915198018
Besides,0.37284722088115885
waterbending,0.45019914427550295
work,0.43972972891521145
whatever,0.34632820625922744
might,0.4107588579476242
happen,0.37223728967384834
able,0.37679360964593556
master,0.331675871370361
feelings,0.32992820202744033
opposite,0.3113141105577321
source,0.30069631014656606
humility,0.4680165559513735
humbling,0.6355790529978473
natural,0.407935833323832
smaller,0.3502416085205247
personal,0.43192999191545517
karmically,0.3974705931943623
vegetarian,0.312510280024177
existence,0.3562087694234559
though,0.4442604573903264
tasty,0.34867122635721537
having,0.41046490659660007
temporary,0.3015383363848954
avoiding,0.40175420613137264
opposites,0.3113141105577321
working,0.5259362942978096
fast,0.36873116925239624
Excellent,0.436171203623557
reflexes,0.3587592123686197
desire,0.371234502505967
drive,0.305349891744802
achieve,0.3915685725661834
substance,0.3245628222358101
diverse,0.6444220385868682
persistent,0.4402364037055282
enduring,0.5468846981212019
themselves,0.3783573185472032
worldly,0.45546291641589914
concerns,0.34114921348172805
apparently,0.31212730285599527
senses,0.3385412594877847
capable,0.46285271100118386
adapting,0.5958069569278945
telling,0.4266389732887391
places,0.39730810956166884
Understanding,0.5241070350247419
others,0.3748727548901617
elements,0.4264329675798136
nations,0.3173512219527027
become,0.3369368325472277
sounding,0.5007537750435082
combination,0.4652459030905352
makes,0.3834501876341505
powerful,0.5281264260012775
learned,0.40270373304461143
studying,0.4686655344522148
besides,0.3989461895380327
happy,0.4514243445528955
share,0.372600721192192
also,0.3795739966334301
handcrafted,0.3090789242901424
delicate,0.4660529412886353
instrument,0.40002522267856017
Meditating,0.4234336959087346
almost,0.3286312177757665
search,0.3274230006572339
faster,0.3990122984153457
situation,0.36751382046345343
willing,0.4593673631214978
straight,0.3801600512026567
goodness,0.36788872818799173
uncomfortable,0.5457744993653082
Uncomfortable,0.5457744993653082
confused,0.32810195853641816
pressure,0.31292472900840673
expects,0.44210207827733966
awkward,0.3305587058271249
Awkward,0.3305587058271249
grow,0.32038031139871254
turning,0.4753449009173467
redirect,0.3290669627592349
create,0.48171000613889786
pathway,0.3321557137142634
vast,0.3305865105741303
direct,0.3290669627592349
critical,0.45374824967168115
physical,0.39525368675692657
pathways,0.43996701815816175
focusing,0.5509757986597691
flowing,0.4180813562965982
friendly,0.4930957822191317
enjoying,0.6178989492081113
ground,0.3409736425054378
impressive,0.684053559406353
wonderful,0.6601377458157693
crushing,0.3332677898353227
live,0.32916502941929154
realized,0.4486484483134983
reinforcement,0.38619615281087055
wonders,0.5280529487817036
Physically,0.3974705931943623
mentally,0.37379767014888055
unmovable,0.33555399235918015
hitting,0.4376384812645413
happens,0.3783471797528058
possibly,0.4394151893929129
amazing,0.6930423838541226
given,0.3111506081267257
showing,0.4639770487702316
started,0.37823297230073033
information,0.41182140445089377
deliver,0.40753679970304213
begin,0.395031227556708
outside,0.3599505000508075
maintain,0.30868879142046235
newest,0.38922457775594194
craftsman,0.41409974962207363
artisans,0.3733775789498651
quaint,0.38604334228346504
lively,0.5739623720776552
watch,0.3782450381202579
brings,0.5027926798677533
wherever,0.38107351713499144
living,0.36874978496524635
changing,0.5787821386425827
ways,0.42758918412997343
financial,0.324232421271086
restaurants,0.37682035334893665
university,0.3106910346911375
ancient,0.3153002114071658
underground,0.44091224858344324
discovered,0.361311861535659
history,0.43548698831283517
fascinating,0.7935878163562692
seems,0.31792860869657813
every,0.4607514474118402
certainly,0.5545921382542697
Ridiculous,0.3699588398093581
larger,0.3502212239409357
extra,0.352709107569742
string,0.37264315322455577
major,0.3824509579267987
changes,0.4172646944474053
Inside,0.3014586966489975
cultural,0.43085006029665973
traditions,0.42216012146569676
audience,0.4778351058385952
processed,0.35147007566509014
quickly,0.33561776789829145
usual,0.40239456920016486
enjoy,0.5200797489667593
staying,0.40077953084614604
busy,0.33246567792347087
running,0.4533561282936295
finest,0.36407647686560995
anywhere,0.3816131666244532
flying,0.35440131313892886
market,0.38302432709600154
teaches,0.36222104815654016
class,0.3247821548209187
cultures,0.4582122749237716
science,0.438856595992197
shaking,0.4249379433576511
listen,0.30770717167487777
breathing,0.3910360989408465
spark,0.363211853130884
Certainly,0.5130316842931479
packed,0.37509291771019093
country,0.3339356187852571
mastering,0.5315541254668292
evening,0.4867450237861289
ness,0.36788872818799173
beautiful,0.5496686069737013
surveillance,0.3054876764782817
becoming,0.4200356251130581
obsessed,0.32322032599283096
healthy,0.4021542661870125
ingredient,0.3088611329849649
waiting,0.49475866454858003
heating,0.41310696419021015
ahead,0.3162264249208674
Invitation,0.3609993482354865
invitation,0.3609993482354865
bother,0.4025058917376526
invitations,0.4039615806502431
taking,0.48205369778266793
dishonorable,0.3550325239856084
finding,0.5545595439728355
distraction,0.4877619448861358
Another,0.43968108799458405
letting,0.4814364135240737
sight,0.3769858510343669
terrible,0.39943607493908856
attention,0.4497565637576175
Greetings,0.3063239444164335
involved,0.43455034502775175
activities,0.5013697292525542
maintaining,0.4354964018150797
heritage,0.36052997316102225
relate,0.43086737033864164
matters,0.3490763172019337
oversee,0.3115572291802244
resources,0.411092812914645
including,0.34736576025124793
endless,0.524930305266209
mentioned,0.33807258246786664
within,0.35209314127234637
escalating,0.4126410791092919
conflict,0.31109864119968417
utopia,0.320530136129717
watched,0.3101923552326094
complete,0.47582633366025223
quest,0.3415830212296931
options,0.4417575354086293
approach,0.4649549697962134
cautiously,0.4309914782936763
somewhere,0.40816811883465776
sometimes,0.4377532147457899
abilities,0.42701148101633013
Asking,0.35140145104917786
asking,0.35140145104917786
courageous,0.4579723889390411
rounded,0.3140501483680404
practice,0.4255679892474469
bending,0.45459554310107037
harder,0.3409246131828304
leaving,0.3056025313086863
Absolutely,0.3568381684456078
crawling,0.3062897929493682
discover,0.5670233251850403
eating,0.44631657532561264
breakfast,0.3229655649726419
throughout,0.5045601446341157
current,0.43440591901234904
levitates,0.4485926358720332
relax,0.32716105122688155
fun,0.5346909611284683
intentionally,0.45168805625704705
style,0.34772944283966123
modest,0.4022626146367965
guests,0.30986932227630765
caring,0.48103038811258503
succeed,0.32476487877644306
interrupting,0.35426555987842345
improve,0.4120878844654875
entirely,0.3756102718516907
illusions,0.3682400896089667
employing,0.48001839398818996
impossible,0.45461701457853265
complaining,0.42746218122057583
meantime,0.37882234273305804
weather,0.40804498538307804
sound,0.39731865410038913
youth,0.3501559681620811
ability,0.3709557013924339
everywhere,0.5088344380623745
giving,0.45283010526719597
looked,0.3024866997967926
difference,0.4584191935509214
entire,0.37932461158689995
tossing,0.33285464745026194
ideas,0.5166767925069286
fighting,0.42938953830331505
burning,0.3605160472927545
bigger,0.3953546755933949
scale,0.31555332058841606
airbending,0.45459554310107037
warning,0.3262274418447652
inspirational,0.6462835932091284
hopeless,0.37915542696155463
bringing,0.541679682717653
noticeable,0.5166504656340429
gigantic,0.3398666669024409
play,0.36995197252607515
kidding,0.36554846214929687
slipping,0.3302493631231877
wise,0.3067540465578146
Walking,0.41580559929096533
seem,0.30380459971757773
carrying,0.31794093429362086
promise,0.3605086931433093
Bluffing,0.4124126225808441
instinct,0.3396719493689486
quicker,0.3537331158485278
next,0.3401454980341977
thanking,0.48731362083731666
relying,0.36288342232414295
filled,0.36187888933242074
blasting,0.516823429753629
importantly,0.601188188200323
cutting,0.47219469421539384
rough,0.37459065392405844
changed,0.32656235322931054
hiding,0.30360451173657066
Unfortunately,0.4126472487806018
amplifies,0.45549713979285245
approaching,0.5524902063157229
destroying,0.312450880609274
families,0.30195238193015317
hurting,0.41080849811703574
harmless,0.31657371068726337
conveniently,0.4329371186299057
compartment,0.3303396841301699
explanation,0.40021424139533013
packing,0.46144207210308963
planning,0.5474061539012697
smooth,0.3070036205488258
ridding,0.4335166020685881
demands,0.3302977211194766
hoping,0.4567610492147853
open,0.37952945473630695
acting,0.4454878297787232
worries,0.34468565364903897
surprised,0.46670003439629815
scouting,0.5454612784436431
Underground,0.31688733365988575
empties,0.308754671381979
geysers,0.3049525795649973
early,0.351168863791998
leads,0.3232847890692544
While,0.33240182702520793
trusted,0.31334193023865287
posters,0.342313469825829
designing,0.5566581594445814
poster,0.33414345617583446
really-,0.5618697371126566
professional,0.4883424763806033
buzzing,0.3983026635783652
reward,0.4136657421576195
dream,0.3665420488190486
business,0.445722304223963
yours,0.3560498169826487
creative,0.6563858869581986
dropping,0.37103843896386507
leaflets,0.342313469825829
Patience,0.35387065378224336
vacation,0.4092249787964659
relaxing,0.4840488391551557
Dropping,0.37103843896386507
putting,0.47923462925070726
clearance,0.3220699987413173
absolutely,0.4257607379123148
continue,0.4638457455043617
disappointed,0.4144693365920329
further,0.3888123272083986
dramatic,0.5411614389927862
poetic,0.3222287809051763
stirring,0.3634621271393414
happening,0.6076029148591847
serving,0.3113451565697162
prosperity,0.4158042668176886
troubled,0.3468591650409267
reaction,0.35419838295738826
cleaning,0.36017467847107226
various,0.4477514948155617
leavings,0.3056025313086863
rich,0.3910445479941355
Though,0.33498416258913233
concern,0.361144110794165
mislead,0.36701986046554824
Nowhere,0.342111260153695
memories,0.39763097860510127
bring,0.48513636454044634
triggers,0.3455764761859421
Expecting,0.4829384100924226
yourselves,0.3697651701673532
allow,0.3101326064790552
definitely,0.5857383678778084
nowhere,0.32886291061544776
questions,0.38564886162060064
secluded,0.5010521344882178
schedule,0.3617751660267969
plenty,0.4670989235476265
skills,0.4131605408763316
refine,0.3685713622734179
basics,0.3729901689497888
night,0.314740418883656
brought,0.374247261953848
mathematics,0.3746450499495351
annoying,0.49610832012020123
meeting,0.42855037493344184
overslept,0.4231509799975575
needa,0.32726128606578864
climbing,0.33326743763920996
exercises,0.3843630134171513
dreams,0.34140943725577033
climber,0.33326743763920996
unraveling,0.6075408392502127
stressed,0.42808848583782283
growing,0.49444884480473594
baddest,0.3837344470519279
planet,0.3121975562507498
stretches,0.3792208005224689
extreme,0.4700423593524457
Reach,0.31343830787904237
clearing,0.4335166020685881
shooting,0.3804116311848359
stress,0.38893270076217457
bothering,0.5190696019759399
screaming,0.3494257909543246
combing,0.5694892323132353
bothered,0.38653716646859004
fashioned,0.3846048117714692
pounding,0.43401203506123837
bruising,0.4283493226011112
Acupuncture,0.3614701974962225
Ordering,0.39847806027138427
therapy,0.30499154228486
session,0.3467012219983863
clearly,0.42433713234171744
daydream,0.3665420488190486
underwater,0.43720573368727106
tryin,0.35212958954556856
build,0.3569057228119154
impeccable,0.6116894839711995
untouchable,0.3905273409527448
plums,0.30158615451497667
imagined,0.469722334111386
downright,0.6355790529978473
Staying,0.40077953084614604
mouthing,0.5208963769769004
chakras,0.41634120623850923
loves,0.3217263723562346
welcomed,0.37457719081735136
literally,0.40791581317478515
hallucination,0.4795450208062194
imaginary,0.48717897279408784
progress,0.4859824868265128
highly,0.36790173237982476
contagious,0.4842346208953443
tracking,0.47791017876670877
procession,0.31375284208282894
option,0.4111240747894535
Procession,0.3414781370465046
agile,0.41894060044515863
nimble,0.41894060044515863
small,0.3282054909908477
elite,0.3097961087516484
keeping,0.40502936065991224
Somewhere,0.342111260153695
fathoming,0.4338743254641615
targets,0.34833052826235267
boring,0.5844350904599076
resistance,0.32239830678763304
interrupt,0.35426555987842345
proposition,0.4000621583102885
hunting,0.48459250002305015
leading,0.4743733484348753
readied,0.30893178368774316
ourselves,0.3893303690585378
Fighting,0.34800107272961306
worth,0.3566308216990524
directing,0.47525880395918013
retreat,0.3122350976828715
startin,0.5922087226868364
thousands,0.3437580739401231
formation,0.3807704695048614
deeply,0.31243171789913876
enjoyable,0.7674016467865628
Incredible,0.5720030993572106
interesting,0.7934323928392302
performers,0.41493417190211035
brilliant,0.5460845069034334
boasts,0.3324811951111225
exotic,0.4561864169263811
tricky,0.3981852905579512
performance,0.47028771809599873
universe,0.4048421813900616
hints,0.3057982431875841
career,0.30073218140446656
walking,0.41713963099985996
calling,0.39081664193652443
Anything,0.3911752667861823
renaming,0.4034440660450563
trading,0.45090494579382334
blowing,0.3618498515512344
manage,0.3429129751129066
attacking,0.39551396376478243
technically,0.4546539915961068
focus,0.4711354452349179
involves,0.4575431842817142
listening,0.5624267393228896
mastered,0.39462735499966917
striking,0.544742653960624
target,0.3179671668927604
insignificant,0.4936197564742976
sitter,0.3018532159872299
disgusting,0.46923740786963886
read,0.30893178368774316
laughing,0.3222614708543759
sarcastic,0.370438512002031
comments,0.35005591524565316
effort,0.3489831933618096
each,0.33561026433971713
regular,0.4005289983473514
Shopping,0.39210316810546025
battling,0.3776901229237497
swing,0.37097644749046
original,0.31015223743344456
greatest,0.5133604752415826
masters,0.3921099398523313
study,0.3052255816450558
teachers,0.3370330789080569
unusual,0.5744284596468002
normal,0.3636204723899072
hundreds,0.3271206940635619
worthy,0.4069984929946389
extension,0.3776165904932514
sharp,0.3035311848691879
versatile,0.5257574722415993
imagination,0.5561740213175587
limitless,0.4378766943858591
possibilities,0.6052925703465255
picking,0.4766206373781169
sensation,0.4529910678025285
shedding,0.4147816199279312
practices,0.4066173587159312
variety,0.4635650565620109
arts,0.3514858156842136
calligraphy,0.3411579152063585
Writing,0.4268818462394188
write,0.3034020266669734
Landscape,0.35301376108899324
instant,0.4621424653768793
peeking,0.6025607205847189
Concentrate,0.4460186155960577
gardening,0.5821223665617352
surroundings,0.4929476705722072
advantage,0.46141289695997195
Choosing,0.4265090565889722
material,0.3497625923329545
crafting,0.6423406129171548
carefully,0.342328935512303
possible,0.5075996652506243
unlike,0.4081134398817485
unsure,0.324266512617083
beyond,0.3546669250790876
Creativity,0.6112674231314118
versatility,0.5431357969172907
intelligence,0.3991250165487458
traits,0.3241659374297203
define,0.34957686758122836
Using,0.34073658756749253
superior,0.39733945645045404
agility,0.47450904530891946
terrain,0.337575249602233
resourceful,0.4362396202260895
beginning,0.5617459285736389
Knowledge,0.3925672453598494
greater,0.4607094983655074
reminds,0.31840918599341306
teasing,0.4656520882845945
Helpful,0.5135421332716497
helpful,0.5135421332716497
strange,0.5198694194634649
available,0.44576786025248677
disciplined,0.4584141829115073
decisive,0.4290087572030263
offer,0.4396516408587107
ours,0.31618879989170723
respectful,0.3760173815397211
exciting,1.0
transcends,0.4665331717950059
divisions,0.3021233776570483
philosophy,0.33214520915820434
beauty,0.42211944096784587
Technically,0.4546539915961068
Personally,0.3911953905187974
Taking,0.47915558272422704
attentive,0.4497565637576175
active,0.4847809094123457
actively,0.4310034955912776
supported,0.3525745419235547
Pretending,0.38421095139918926
tiniest,0.323816631583436
quick,0.35439842834107793
necessary,0.38999512888066784
achieved,0.3488128180778425
spiritual,0.40291784387367263
enlightenment,0.45995923950650863
Selfless,0.4579723889390411
furious,0.38136093817913186
unquestionable,0.5164346139443498
Unquestionable,0.5164346139443498
followed,0.3137347723548022
arriving,0.33162094279941573
gathered,0.3401411204710822
journey,0.4345892225656886
beginningless,0.5617459285736389
thrives,0.4389884725849378
purifying,0.36989966288255394
light,0.40605635318029265
ultimate,0.46955641050694974
craziest,0.3837344470519279
Getting,0.5105536897624752
proudest,0.3278905744544535
favorite,0.462032566099421
pretending,0.38421095139918926
blocking,0.42011141313235545
lessons,0.37790413648881305
purpose,0.3221582703480721
promised,0.30886026750057355
challenging,0.7393280163789228
graced,0.3364603075291492
Banishing,0.5255929903132711
thoughtful,0.584068575345089
summer,0.34595383034501526
sitting,0.379619569399449
preparing,0.5707935103961693
launch,0.37148533511420545
successful,0.5599036790670366
Sages,0.33254128038448594
shared,0.3752725826192932
dimming,0.5028136688503396
brighter,0.4249923237574018
kinds,0.4482520013334396
possessions,0.3471424312661473
artifact,0.3433345656823981
surfing,0.31433151893548117
friendships,0.47310597162487095
transcend,0.47844771623354876
lifetimes,0.40809018135653263
especially,0.5854222898981251
uncompromising,0.3771765577210238
lifelong,0.3796538408659739
results,0.3441947302621123
fully,0.30067737388820626
Customarily,0.36223475244817044
subjects,0.3997579184890859
greeting,0.48540852054181277
exception,0.45635006547818013
chances,0.39418915459864123
wedding,0.3864430011801002
future,0.5149839445214648
optimism,0.4151521967721364
traditional,0.4778576891006871
dance,0.4115378097816697
lighten,0.40605635318029265
destined,0.34777086070046226
although,0.3628272409825901
Together,0.4367982412062366
unprecedented,0.5423466982976335
wealth,0.3241015203185207
fortunate,0.5168343417985458
expanded,0.39303272044363025
meant,0.33331422361709856
challenge,0.5487564793060714
sparing,0.4566066079969628
friendship,0.412114019520842
result,0.32044764955440874
rumbling,0.3494257909543246
winning,0.4265301975534227
success,0.4707016849832142
overwhelming,0.5679504564699864
plans,0.3101491108987389
returning,0.3977165470112567
timing,0.42755103905961445
understanding,0.5688081915885014
nature,0.4771382585787373
cleanse,0.36989966288255394
proves,0.381195634702691
lifetime,0.40809018135653263
scientifically,0.4177772728602089
speaking,0.4608546303112445
harmony,0.3407817719957606
signaled,0.426413214767949
foreigner,0.3230579124586088
sometime,0.45474176994046595
choose,0.3279334914361969
sledding,0.5485455113120392
airbenders,0.38619615281087055
forward,0.4487968330311284
liked,0.33022347665513496
Looking,0.5689644183316395
encounter,0.4738390997807482
Training,0.3460955456440559
meditating,0.4234336959087346
intertwined,0.4283937206805625
comfort,0.35014782146339646
excellent,0.6116894839711995
suppose,0.34646512240735944
Ascend,0.36136394957936524
Elevate,0.37348207946835393
underestimated,0.5281368843448517
underestimate,0.5281368843448517
sort,0.34540881742406154
hopping,0.4197761786093588
riding,0.421481453264887
watching,0.5325693772229414
scary,0.3300341341971964
Oasis,0.31688733365988575
unique,0.6320033255419772
properties,0.3388881649155036
floating,0.46574551668208813
vultures,0.4582122749237716
tense,0.3651063247486722
worthless,0.30004603697022614
mulling,0.45536667884369525
imagine,0.3783248038105574
devastating,0.48865530059201
possesses,0.3773435844853563
where-,0.39711670556437656
aware,0.37310364920998795
unbelievable,0.6653791273943676
reach,0.3020100869363012
pursuing,0.3719076218788507
learning,0.6081553523733471
discussion,0.5300216440212698
discipline,0.4584141829115073
realistic,0.6194991911663523
enhancing,0.5053393731576173
stimulant,0.48842947840259715
ordinary,0.4529565328387923
improves,0.42388870926296723
induce,0.3160908681996313
view,0.36998418143721473
glowing,0.4351347952961566
clothing,0.4118603304845947
useless,0.31395908657530597
exchange,0.3476514985742747
pleasant,0.5212100142364469
uncivilized,0.4476169547764186
treacherous,0.47403252076877817
Excited,0.6550979634506648
Grateful,0.35569498172472264
traumatic,0.335964495033106
genuine,0.4079768947563351
thingy,0.4262308088073406
considers,0.4431295986014933
miserable,0.3769809810604914
mechanism,0.30847557226607214
designed,0.3578864341458203
empower,0.4109438512233886
knowledge,0.48716654406611093
vulnerable,0.4171130062884736
reincarnation,0.3116827531458456
joking,0.469031049266794
dreaming,0.5310236862647596
worrying,0.4439686211742069
officially,0.3107078500394496
healing,0.46337210260710315
intense,0.5877052132497883
overtook,0.3227734636542161
securing,0.4345526039980896
Rather,0.37140153898868244
massive,0.45217566620394806
Hopefully,0.3852810368131158
support,0.3868873707872852
occupation,0.3066357363466007
sending,0.36201638314912216
across,0.33570063817556245
downcast,0.35487968715146617
strangely,0.5198694194634649
oasis,0.320530136129717
proving,0.498129153952434
practical,0.5600387245985926
bothers,0.4025058917376526
risking,0.39130231633933277
travels,0.3221716941249129
notion,0.38574580477220727
accomplishment,0.5666417200293871
ferocity,0.30124565576548695
specific,0.4489812455721987
generous,0.4754153297697782
motive,0.3862714887311601
ulterior,0.3069321420747074
excited,0.6550979634506648
weekend,0.3444630042494009
Doing,0.398306254415374
personally,0.43221495669369653
magical,0.47832426984180165
smoothing,0.4882444439419428
swimming,0.40327764619710266
exposing,0.4127697351714625
unpacking,0.46144207210308963
Perfect,0.3287860430485036
refreshing,0.6567209880287126
playing,0.4685837569525343
slightest,0.346023944981157
hesitation,0.30148596672228184
teenagers,0.321384472429843
intrigued,0.5313799957147144
washing,0.3122110313811737
footprints,0.30799153573094357
partying,0.4030557899841975
expression,0.40319547855442145
punctual,0.584068575345089
smartest,0.37248597057091715
intimidated,0.5896918716307257
liking,0.5363979078226774
strongest,0.4244483316230658
dominate,0.4326606700078903
passion,0.5542691422821745
summers,0.38138659905693084
depressing,0.47796044474798466
freezing,0.31841020111496643
distract,0.3410524277439099
Growing,0.3881789660144902
spending,0.45587075825066253
matched,0.31670437147363345
compliment,0.49727771363735407
explains,0.33860160738037515
boyfriends,0.3079767407023378
Attention,0.4101072269102307
issues,0.304425236505596
controlling,0.4501976423673524
expectations,0.49297876348528546
totally,0.3892095813967195
luxury,0.31354168734754195
lesson,0.33226959913116066
pathetic,0.3516885625934682
performances,0.4653376664885461
complain,0.3026302995045648
smoothed,0.3070036205488258
memorable,0.707350573302973
expensive,0.5205266086775516
throwing,0.33285464745026194
punching,0.446562160423668
advance,0.44701557880095416
chucking,0.3585204497501834
landslide,0.3182656103758175
Unbelievable,0.617619286373837
rocking,0.5070054139326448
moves,0.3409353625786715
national,0.3088072570277634
character,0.3399610056963048
conflicted,0.4729867474786285
screen,0.3219752562003154
Whenever,0.3161116165078132
listened,0.3142349723092301
offering,0.5826319591853677
perfectly,0.4061101810362033
shows,0.3850609366179298
standing,0.4183592943422642
wandering,0.41063357748971785
pleased,0.4756651674402668
private,0.3060937190269346
beginner,0.49912815687872464
forms,0.3082200856825607
visitor,0.31509154176212406
blindness,0.3199005212484492
autograph,0.45248316516378106
smiling,0.34732742339248346
hefty,0.378299910101148
comment,0.31365145139469947
Speaking,0.4373147347782572
common,0.3998825279051827
interest,0.4990570474320097
reconsider,0.4152625257935854
precision,0.4183089905756043
wasting,0.4408886327601905
talents,0.5243437704887663
project,0.41691219485423564
appears,0.31423540221468726
institute,0.305652176333531
safer,0.3098023320544587
heading,0.4570597099942161
sporting,0.5853489899130615
game,0.3468601548748414
importance,0.47174942643004025
regarding,0.4420521117801207
allowing,0.414730636123714
improving,0.5192879698731052
captures,0.44142576883246243
Finally,0.3826392961434756
critters,0.4389844462654978
thawing,0.31841020111496643
transcription,0.3577630245759381
ranking,0.33640185788391996
music,0.38107061576759316
disturbances,0.3654971030545118
hopefully,0.5278382978502782
starts,0.3964214873380863
funnier,0.32426329369504064
remembers,0.35858448123324727
Knowing,0.4135782134323063
Boiling,0.34519102279656905
boiling,0.34519102279656905
inescapable,0.31044546212689605
daycares,0.32461349270955375
fishing,0.4609566684708228
squats,0.3843630134171513
homework,0.3423091812991444
Leaving,0.3653221275370826
navigate,0.34654528150140296
landing,0.3904504745725307
shivering,0.4297421564088539
Sometimes,0.3489230094612846
lining,0.4247794587152487
recognize,0.38704651598161105
busting,0.49998088466531887
lights,0.30698291872005773
impostor,0.3982425798271352
intend,0.36971721242066014
insulated,0.3155201726697249
launching,0.5595157508675042
bing,0.5325693772229414
hatching,0.373903093911409
shoving,0.3698725795747607
fooling,0.4310002969284124
risked,0.39130231633933277
comfortable,0.5400335798835363
lowlife,0.3516885625934682
mastermind,0.331675871370361
betraying,0.3759259735970563
captive,0.325890590446361
coincidence,0.3494253141968685
exemplary,0.6127572962319996
recent,0.4102686766439853
irrational,0.33660630059684665
normally,0.4313516469217448
generosity,0.30794638252182077
Impressive,0.684053559406353
Saving,0.37656346169969646
consequences,0.3669102623202384
nearing,0.5524902063157229
journeyed,0.4345892225656886
cookin,0.5353192948112804
art,0.3489720352401689
culture,0.4463162796850444
weirdness,0.3279800686073426
reflection,0.4660928974261603
steering,0.43389277075229116
immature,0.509886364436026
brained,0.36006870952285136
related,0.4044709917072519
incredibly,0.5687554019239831
calming,0.48065794058836325
madness,0.3279800686073426
flyers,0.342313469825829
tight,0.31911475172781983
soaring,0.39279928044035545
thinkin,0.5631370106235263
wondering,0.5339769924699853
curious,0.6050505924162205
Entire,0.37932461158689995
currents,0.42799141856618533
bender,0.45459554310107037
hopes,0.33257725017665074
extends,0.3688148450011324
drilling,0.473078968487686
sequence,0.3416812451994096
sages,0.31623873681982984
basic,0.3584056770345456
counting,0.43401203506123837
games,0.3296167571388376
closely,0.3674696036362204
Catching,0.5357684324497203
Observe,0.3847454373715893
whenever,0.374865498560684
heartbreaking,0.5803160092023767
delectable,0.5581173815576898
ending,0.4752631036094269
destination,0.4918880183578487
itself,0.38983292868462843
lovers,0.4013177717789898
Through,0.4335152697903934
Launch,0.3175495380359227
spreads,0.30207829248761253
berries,0.30158615451497667
discovers,0.35663635045931824
remembered,0.36583152477379977
campfire,0.45971519046335535
travelers,0.3654780902404564
farming,0.45476196368915056
changin,0.5787821386425827
falling,0.32471585882601556
pictures,0.39233100483980377
elaborate,0.5023332096345979
display,0.3840209064537227
brightest,0.516744301185503
picture,0.3713110576000483
suggested,0.3446455609509826
cooking,0.5353192948112804
kindness,0.3458743189690814
ferocious,0.3716212209360215
campsite,0.45971519046335535
spring,0.41998045550237306
blooming,0.45963305622813816
usually,0.4512781700269231
setting,0.5730893940632058
collected,0.3122012462485361
avalanche,0.32288201092167146
perception,0.43791565587788245
frightening,0.6355790529978473
unhelpful,0.5135421332716497
infuriating,0.36957071156733695
yelling,0.3368281699034249
chasing,0.3687269944480585
optimist,0.5746185543876104
rising,0.39279928044035545
exhausted,0.3139434382084445
distance,0.3167283176100108
delightful,0.646739111491605
bunches,0.30118951172761355
following,0.39477328268604633
Sharing,0.48614531295616176
stranger,0.38950549048775873
delights,0.6448029549784596
Seizing,0.4127697351714625
simultaneously,0.46006294403337866
weakness,0.3199005212484492
interested,0.5946936487885068
anecdote,0.435611373124466
demonstration,0.4188187230936675
company,0.3236609141851049
Working,0.43912858787567255
plotting,0.47753881483016486
plotted,0.47753881483016486
cooperating,0.46641224313246565
terrifying,0.5786228447427544
Hunting,0.45017828683867156
Trying,0.39011664443659677
Spreading,0.4373199556684971
aging,0.4043775752071512
Perfection,0.5265177657454625
overrated,0.37985472083828453
happiness,0.4648767021398508
disappoint,0.43222425861106306
dancing,0.4255045950943725
minds,0.38948996513885425
bowing,0.45459554310107037
flatter,0.3300829215062754
marked,0.3242041518572995
wiser,0.37248597057091715
freer,0.30292862535139303
crossroads,0.33334117618594944
treachery,0.3896810564027931
redemption,0.35074509009598004
offers,0.4392844964557661
strategy,0.4576315370855231
action,0.39019273354397344
chakra,0.41634120623850923
connection,0.4076857249741288
illusion,0.3682400896089667
controlled,0.33211503265599635
that-,0.4719632986671253
Negatory,0.3646606916421296
entertainment,0.6629439603167434
invention,0.4272164077676216
incendiary,0.4615271164912794
capabilities,0.4659747624684427
destructive,0.4776654827787303
feature,0.48469469247723923
handy,0.3683436292986831
stepping,0.39242939244613434
otherwise,0.318615972983376
stage,0.3330108941821866
access,0.32789908590275235
obstacle,0.36806363474846215
battlements,0.308754671381979
during,0.30851642085751946
lasts,0.3208468598578786
explained,0.3313118070874276
confident,0.5093915118566368
benders,0.45459554310107037
outdone,0.3016572996233251
congratulations,0.3181241854047896
subs,0.3698725795747607
designs,0.4166372940996649
limited,0.40999639321573667
beaches,0.30899899659388225
bearable,0.6084388423177819
tarnation,0.3663911159617193
choices,0.437993502893009
Healing,0.4083011538390666
concerned,0.4166707636537546
specialist,0.4340857203753185
singing,0.37820726611562194
concert,0.32616653417976277
stalling,0.42011141313235545
sticking,0.41766182268667884
conserve,0.3692198522839567
quenching,0.44789573009525774
indication,0.3448148581430369
suggesting,0.5201900783668642
pudding,0.3566242937539053
Bending,0.45459554310107037
cool,0.3707624873165897
desperate,0.3292974291993185
characters,0.4163620247908686
collecting,0.5048893447151439
cling,0.41766182268667884
opens,0.31433216120732627
wide,0.3566449504554465
yapping,0.4230896493194364
compass,0.36305487965691197
arranging,0.45594313997089514
initiate,0.359245848381657
appreciation,0.5249507390046266
garden,0.3056525339161565
mysteries,0.3906587615157296
pointing,0.4185691321957504
hallucinating,0.41170585206290045
curiosity,0.38621131674490483
hospitality,0.40353207118356726
incomplete,0.3538993697733447
however,0.40716982743548186
starving,0.35961762110403217
exhibits,0.4355729199696395
rethink,0.3967624698194946
surprisingly,0.5509634743308787
Flaming,0.39929290483434543
take'em,0.31528156609295216
execution,0.3027574115996103
attract,0.4641741540885345
Taming,0.43243165932069877
breaking,0.4953120205161278
upstage,0.3330108941821866
fireworks,0.337688667834654
explosives,0.3038581783873014
familiar,0.5559373778027379
enlightened,0.4133863315223492
Everything'll,0.3977761661696036
local,0.301071159664762
destruction,0.30861634962831214
disciplines,0.5155545566957744
soothing,0.4909484687752786
stable,0.4568561193289202
concentrate,0.4460186155960577
Talking,0.4268442528832272
concentrating,0.516823429753629
obstacles,0.37804164848191174
consume,0.3755458340691637
reaching,0.4509360822406474
instruction,0.3961828123443601
blessed,0.3364603075291492
humanity,0.3377455071345364
eventually,0.38690848729910904
embraced,0.3823299944676487
scientific,0.4177772728602089
ingenuity,0.6112674231314118
impervious,0.3905273409527448
penetrate,0.3152466665496876
Nevertheless,0.4367568969528991
impenetrable,0.3905273409527448
penetrable,0.3152466665496876
intoxicating,0.6284477197156609
respect,0.3136798615554032
jabs,0.3564416676576125
schematics,0.3852354322942814
engineers,0.30471094892231654
structures,0.36246057238864005
Finest,0.36407647686560995
looting,0.3459283734786406
countdown,0.43401203506123837
accurate,0.410367542028587
series,0.35481020092385834
reeling,0.48865530059201
Slurry,0.3832423408337561
pipeline,0.37099851643050585
delivers,0.5080193263530737
chattering,0.4466226545017249
Fearsome,0.4059195647955528
fearsome,0.5786228447427544
Sweetness,0.3734484793133263
Riding,0.39754600345083885
incoming,0.4594335336848303
voting,0.3509186492924039
Letting,0.519986700365152
daylight,0.3500596003631683
Completely,0.43121204447133626
disrobing,0.4418650669465699
brainwashing,0.4310002969284124
convenient,0.48149606989989524
exists,0.324175155324531
thrilling,0.8025922657901442
construction,0.3662992723852788
perhaps,0.41164480111126656
imported,0.32578243649967487
domestic,0.34560176254051866
opening,0.5102872024212803
unstoppable,0.6653791273943676
opportunity,0.5884970767747773
require,0.32720845864163284
offensive,0.3941863115450244
interruption,0.44474676954312137
Including,0.3326079567951387
Protecting,0.3607810551365778
metamorphosis,0.4252556745819375
understands,0.4906517898132121
nicest,0.3722053854038757
wanting,0.580363462344476
skilled,0.44588863794614525
Trustworthy,0.36381378937527403
dealing,0.4673697476550433
production,0.38224102342206057
playwright,0.3492898467042704
globe,0.3549825596530236
gathering,0.5209962580847892
knowledgeable,0.5732192272158324
Brought,0.374247261953848
critically,0.4190225501791581
theater,0.3303963944148664
constantly,0.46552741540343556
fulfilling,0.5511010539845056
incurable,0.3926553289867503
humorless,0.435611373124466
challenges,0.5510338609376522
Placing,0.3161497722702372
intermission,0.40814311097509515
topics,0.39615018292122883
feminine,0.3070001306810871
overemotional,0.5026282508592615
research,0.42347949864120105
sonic,0.3513343172662878
continues,0.45432955742827946
attractive,0.6753732895649057
romantic,0.4325557036953692
upsetting,0.6541917456182204
overreacting,0.38675750695616995
Overreacting,0.4454878297787232
backstage,0.3330108941821866
stealth,0.4305897721127441
conversation,0.5159764066865242
affection,0.37089153913307965
representing,0.4264199668325598
relationship,0.40653794308878416
Painted,0.3582473542788865
Combustion,0.3568208271310395
harnessed,0.42329503120620887
Horrible,0.349278713852326
effects,0.3331068656705763
decent,0.41123300944995744
recommend,0.3901763943678502
understood,0.4133863315223492
interacting,0.5925280425988425
civilization,0.3655796835279568
poking,0.41766182268667884
super,0.39662069284960405
Either,0.30619278413692846
typically,0.44952079565576664
missions,0.39889936999216796
architecture,0.4368327447567017
promising,0.670259133285084
tradition,0.3979143807242518
complicated,0.5730790612591184
calendar,0.3191254312151397
sunlight,0.3475102177513645
outsmart,0.4119487218225567
mystical,0.41084781450419783
suspicious,0.3395530994895776
pedestals,0.3216319398943366
obviously,0.4417235351937684
examine,0.31650793776745606
commitment,0.4384573670461548
illustrates,0.4396551469490546
essence,0.446876026645828
constant,0.423505042105768
talented,0.5540537256412399
Facing,0.34244686322714135
responsible,0.3783973900761206
disappearance,0.3091348824303868
cheating,0.429609998584831
colors,0.319408291484387
visions,0.45589676257540057
outsider,0.42601931087497813
seriously,0.3890211767579431
taunting,0.4428294407274366
predicted,0.33801228996545407
predict,0.30046887676774875
drizzling,0.4380524702793861
Likewise,0.3682984632647929
insight,0.5560549388757189
Boring,0.4589743040580297
lotion,0.35293990825366667
romance,0.4433930487403026
reliable,0.473413850688576
outcome,0.35649637644273574
predictions,0.4515096095324382
Certain,0.45951539140214237
forecasts,0.35311911645615435
superstition,0.5035873353979744
cumulus,0.3243385980100062
Everyday,0.4093107037549447
passing,0.4141656613860761
subtle,0.37341410269145786
aloofness,0.371099431762252
prediction,0.43789137595108185
book,0.30905916753613943
manageable,0.6096100057681697
stalking,0.47541811763569075
ought,0.3506393551207248
channel,0.30633040765085157
overflow,0.3182656103758175
forgetting,0.5551923465544166
Ordinarily,0.5561006552374268
kindling,0.3870092658111252
Settling,0.4003562250087393
fascinated,0.5302367919015035
informative,0.5964142791416636
tidying,0.473024275780811
reservations,0.35322483409251726
unorganized,0.3986552564507405
youngsters,0.4877499102830174
priority,0.346447627882952
feuding,0.37258317480771425
compromise,0.3771765577210238
stinking,0.31559730173219275
attracts,0.48929004203263105
predators,0.3319813702683977
likely,0.4174454392964297
ditching,0.41766182268667884
pampered,0.5575849010740902
hearing,0.3854192442514091
transporting,0.4252303365246757
represents,0.39595500219836915
approached,0.3499738470251717
endangering,0.3871701990123882
relic,0.3433345656823981
selfless,0.4579723889390411
impartial,0.4227734521753943
unrelated,0.380754005488306
cooperate,0.3081901240842391
rewrite,0.3034020266669734
confusion,0.3835999745441849
respected,0.3816012982394628
differences,0.4508479254889481
furniture,0.3269051615290897
gaining,0.45352063718517027
begins,0.3109382282206428
bickering,0.44643392090863043
banging,0.3365169306971274
presented,0.43908900639964377
extraordinary,0.6458251899373477
organize,0.3730270973615769
controls,0.3071242935354813
several,0.34713114007272416
However,0.3606076239755975
emotional,0.5026282508592615
process,0.3624572413002161
deals,0.36711718378184394
survival,0.3520231432901752
reality,0.4991204092838363
influence,0.40277165572954043
Destructive,0.4776654827787303
Buoyant,0.44165891177167516
Terrible,0.349278713852326
perceptive,0.43791565587788245
detonates,0.3038581783873014
tangles,0.34279943538086455
propeller,0.33566828109075725
prepare,0.42090824659757653
owning,0.43863335716354845
thankful,0.35461477541086983
Moving,0.4192413207952424
disappointments,0.4511197514224724
burping,0.3585204497501834
indeed,0.39429470883227963
separation,0.3382039326038463
refined,0.42596040724615736
Table,0.3311429619620543
brewing,0.4116963742816119
awareness,0.4917877517886473
actions,0.3312781997467424
Thought,0.38314727207122373
attachment,0.33058281601760975
Meditate,0.4234336959087346
attachments,0.33058281601760975
choosing,0.47223191037364703
tricks,0.30984475717429605
chatting,0.5135945120219121
Hiding,0.4471828998424112
blending,0.5841735383453005
hoppers,0.3193027954414134
sport,0.4738403296414564
essential,0.5293529733488164
stylish,0.40588774557348806
molding,0.3611224648288079
Clearly,0.3367810392307469
coverings,0.3986269029860612
embarrassing,0.4196771285358295
popular,0.4928680226688645
mature,0.509886364436026
classroom,0.4769461690134179
joining,0.42115745050437725
Civilization,0.3655796835279568
formal,0.3457930978278335
dances,0.3467234337761646
conducive,0.3973869373809829
environment,0.4789390944502336
expressing,0.41032883691415506
Picking,0.4766206373781169
conference,0.37475689422205816
discuss,0.4130829683081761
disrupted,0.3332543490741932
roughed,0.37459065392405844
Nonetheless,0.45854927724931455
straighten,0.3801600512026567
untangling,0.3698725795747607
monsters,0.31410094325406784
event,0.4131372966065934
celebrating,0.6072410363512667
footwork,0.4123789728812151
classic,0.442453865669445
freestyle,0.3143887008841542
inhibitions,0.3869750012971367
dancy,0.4115378097816697
friendliest,0.4930957822191317
slum,0.32788236408955995
delivery,0.3990221605412751
packages,0.3342693100928854
oughts,0.4575269938245946
combat,0.30817722772940953
pretenses,0.38421095139918926
malicious,0.31547614739422103
creeping,0.3062897929493682
remarkably,0.4600304563324215
fetching,0.515103856550073
diving,0.48776124207675287
Other,0.3835767550370563
encasing,0.46574551668208813
frail,0.3122146951195785
Typical,0.40933728394286917
tactic,0.32447794012679915
predictable,0.5811511868937048
riddle,0.3165237551110643
differently,0.4812932559550605
Literally,0.40791581317478515
Delicious,0.4423032626710214
messing,0.4310002969284124
vacations,0.4092249787964659
pristine,0.3035983217317811
fruity,0.35901947054910777
beverages,0.37164176985546116
anthropology,0.34031258420434196
splendid,0.3065030408782329
primary,0.30327433441465923
agricultural,0.37593689282163373
product,0.38331400290096596
civilizations,0.3655796835279568
valuable,0.6043507732762718
collection,0.438700060672561
priceless,0.4610212772864344
seekers,0.3334542469585839
Handsome,0.34817427458858763
creatures,0.4389844462654978
books,0.3191350237653047
Delightful,0.646739111491605
building,0.3831829454720567
drawing,0.4198860501905611
Seekers,0.3334542469585839
ambition,0.4729693447528086
excavating,0.3054939056050214
libraries,0.38045774423377915
breathtaking,0.6587704000069289
expense,0.3428769473057172
worlds,0.44489930038957237
contribute,0.4730973096759378
worthwhile,0.5948059032057026
tome,0.30905916753613943
authentic,0.5252724773038777
illustrations,0.4206671252571429
Bright,0.39512424112075234
shifty,0.3027627373651233
assist,0.32519674117533465
marvel,0.44635144371656094
mechanical,0.3483298208380123
planetarium,0.3790019080010106
represent,0.33764739368167973
entering,0.45251952383753685
parchment,0.30617779774902576
intended,0.3874597727984363
Countless,0.5163852945070183
weaknesses,0.35023870067992124
strategies,0.494223551832316
walkers,0.41713963099985996
cheapskates,0.5126088870279136
prattling,0.4922455735470782
basically,0.46677108703302245
Gliding,0.39754600345083885
spirited,0.32608438748839236
gliding,0.3767919771555443
powered,0.3211668733303751
sites,0.32454591672848226
Everywhere,0.5088344380623745
contraptions,0.36302659204701365
machines,0.30221131294623904
Nature,0.3130451283989675
flashes,0.4251545862145607
sharpener,0.3035311848691879
wondered,0.3836585732201917
flammable,0.4853602655170812
vital,0.4585401439206279
explosion,0.32288201092167146
supports,0.44649937639725606
lighter,0.3610552045911339
Impossible,0.44925293680415007
experiment,0.5253540465846267
offered,0.4212663154869362
services,0.30884404151810624
inventions,0.483746015139657
tinkering,0.6358209439774732
counterbalancing,0.45994042194852625
polluted,0.3007647526020497
assuming,0.3627392303141563
doable,0.4853602655170812
struggling,0.4473152012990653
focused,0.49871604008698706
heartless,0.37915542696155463
reasonable,0.42435259692562743
finagling,0.5053052882042238
starters,0.4677482541644806
waking,0.473024275780811
efficient,0.46818341208724107
happier,0.34607547140401496
delivered,0.3492548423225644
mysterious,0.4365396037604511
watches,0.33807573287535747
sing,0.33969154305568167
Healed,0.4083011538390666
festive,0.5648237290434176
affected,0.3343600171018414
sneaking,0.4791277166521469
feeding,0.373903093911409
tricking,0.41766182268667884
polluting,0.3258431995527081
Keeping,0.3571545836134362
specialty,0.4976052116975517
torchlight,0.40605635318029265
winter,0.35263590851241056
flickering,0.4251545862145607
stands,0.3530609405461562
lovely,0.4280118088226315
disappearing,0.4338743254641615
camping,0.45971519046335535
swimmingly,0.40327764619710266
Helping,0.4708854418831162
Mysterious,0.4365396037604511
hobby,0.32985875075045323
loving,0.4531524028869633
snooping,0.4310002969284124
treasure,0.3500198181215446
ingredients,0.32991571967136707
kumquats,0.30770717167487777
flavor,0.31545106967885056
rounding,0.43401203506123837
dwindled,0.338652605249869
continued,0.3504628149597086
compassion,0.4680165559513735
Tonight,0.31299064767201096
puppetmaster,0.331675871370361
enriching,0.4647633997762056
developing,0.5729112184018744
skill,0.4123789728812151
Controlling,0.4501976423673524
unlocked,0.3284878121554954
Visualize,0.31232314740857187
cleans,0.36989966288255394
disadvantage,0.46714633190983723
guessing,0.4751243536181884
cheater,0.429609998584831
Making,0.4736125240430999
referring,0.3508909730668914
scamming,0.43897059011210154
straightening,0.515103856550073
impress,0.4318742858992052
driving,0.4487284343819372
similar,0.42972143427010223
hardest,0.32561668567030577
honestly,0.3511808386878191
compassionate,0.5360917089387803
connecting,0.5248026742674561
distractions,0.4877619448861358
Deadly,0.4059195647955528
fastest,0.34065725959523424
tourist,0.36313680596328485
tourists,0.3950656661904931
liberate,0.34066092602131376
vegetables,0.32064831874130706
ecosystem,0.434031288523081
document,0.3263474666008899
touches,0.3463644174701628
escorting,0.4252303365246757
exceptions,0.4541863006278348
willy,0.4593673631214978
writing,0.5320260910518512
overprotective,0.3137679979505345
sailing,0.40572918189682744
lots,0.4254449482815907
delivering,0.5552089659891103
outcasts,0.3224332164711736
hopeful,0.5044849946002296
Seeing,0.35337385774265234
determination,0.38317273259139817
accomplish,0.5237684746130198
talent,0.5097743109933066
sparring,0.42938953830331505
engaged,0.4115690951510031
holding,0.33746827829139603
confusing,0.5334944422677689
volunteers,0.3097389138628819
stillness,0.371099431762252
unbearable,0.3769809810604914
infiltrating,0.516823429753629
newer,0.3349641383711917
streamlined,0.48702556868666486
bold,0.3181415701036788
value,0.30856825413481187
objective,0.4439701678073374
commanding,0.33770783892559664
twilight,0.3692265581663542
consultant,0.32285975949660295
firing,0.31365634272138687
complexities,0.5230337355860352
legends,0.3101498704817868
tranquil,0.4840488391551557
sharpening,0.47219469421539384
concentration,0.3990451470538569
crossing,0.33334117618594944
inevitable,0.5447691435499441
factor,0.3026355144831288
detailed,0.455961208942461
illustration,0.42754428165402425
immortality,0.3377455071345364
incarnations,0.44805919959381785
location,0.35903997903894375
riddance,0.4524985675566103
quality,0.40141332654227807
healers,0.46337210260710315
Invincible,0.514236075169467
Destroying,0.312450880609274
details,0.38688926088340014
range,0.36816669321831885
willingly,0.4593673631214978
interrogated,0.3275250171829058
outsiders,0.3230579124586088
practicing,0.4679517639526144
improved,0.43965081733256944
greatly,0.34187594862280546
bested,0.3549034412066632
Capturing,0.5029178984915041
pattern,0.301778636763398
reincarnated,0.3162640789231622
compete,0.3731844889183134
triggered,0.3258038888683468
Disgraceful,0.37332923217777875
honorable,0.3550325239856084
preschool,0.3475630780885487
Usually,0.4225022018945217
communication,0.4207668197020947
coordinated,0.3883274790141899
depends,0.30498304341334065
Finding,0.4177764652097524
individual,0.42950443479281564
swishing,0.5400826612280581
Swishing,0.5400826612280581
nagging,0.4439686211742069
suffering,0.33940840210991574
Normally,0.3361428764741812
troubling,0.568282061266894
meetings,0.3520673463756337
concentrated,0.44383827668180653
recommending,0.515868411020831
recruits,0.31779894927878627
whichever,0.3346918845747273
techniques,0.4464705836838119
disrespected,0.3816012982394628
cinders,0.36922777206322044
have-,0.3306873502199827
shown,0.3085097945048585
shameful,0.349278713852326
dwelling,0.435544848545378
raining,0.4473017583125165
humiliating,0.4196771285358295
noticing,0.40902763969248623
strongly,0.35841908751241114
attaching,0.33058281601760975
supernatural,0.421612431161647
ridin,0.421481453264887
defending,0.3029596078176654
Branches,0.30118951172761355
organism,0.41365880896802515
branches,0.30118951172761355
accounting,0.4537865540563709
coating,0.4258912985178289
pampering,0.6121401966322548
appearance,0.33688495497906756
occasion,0.3662711302588531
partial,0.34121025384202974
drifting,0.5426062895145473
marching,0.4129170599460079
mugging,0.3368281699034249
unbalanced,0.44293741922753466
blessing,0.39023532237848924
transport,0.3311267662512708
easier,0.3565085062366473
facilities,0.3608955169153138
Remarkable,0.6744754749237503
fruits,0.3167327974073965
clinging,0.41766182268667884
sling,0.5070054139326448
customers,0.3939111215465396
table,0.3816303129226844
appetite,0.3247028054200462
practiced,0.361516164266758
Firelight,0.43586098654596706
sparkle,0.5157761840618513
reflect,0.39396301381222537
customer,0.3373693856542581
multiple,0.3885395652862589
sightings,0.4609189521615452
evasive,0.48873896933431416
bugging,0.4310002969284124
sewing,0.3468038346655747
convincing,0.4710293730189496
explaining,0.5030826872344825
Painting,0.3582473542788865
adjustment,0.33764697151058415
workout,0.35079845035181806
Watching,0.5357684324497203
Hoping,0.4567610492147853
symbolize,0.30094876463267495
landscape,0.4708550086244584
students,0.36471831936366383
activity,0.4652347818385407
visiting,0.5198893103264912
tropical,0.3413265540952837
expedition,0.3223843000126004
decorative,0.4250194904160415
misunderstanding,0.48008247284522637
enjoyed,0.4919353089436445
qualified,0.3121079879348164
carving,0.32908558411344624
spitting,0.4922455735470782
teachings,0.40499434287523195
reconsidered,0.42224445866406907
urgent,0.3122836677377379
employ,0.30510084247047675
frustrated,0.43207387381002343
movement,0.3901875915503252
streaming,0.5028906640949052
unnecessary,0.34439702371315556
inclination,0.42877995496025234
types,0.339055052945686
curios,0.38621131674490483
bartering,0.4575135231255362
traders,0.33513416839776705
suspiciously,0.3395530994895776
merchandise,0.3133665658229074
amusing,0.5572898736936746
casting,0.4705143452409047
haggling,0.41766182268667884
crucial,0.5352833912441722
marketplace,0.5265355109432367
contrary,0.34910876654751677
shift,0.3027627373651233
infinite,0.38988499911444396
naturally,0.4469990515639225
gifted,0.31259785401797735
proverbs,0.38323816068324046
proverb,0.41149376379597674
slowing,0.43735684361682287
competitive,0.6059025786760618
thoroughly,0.3604395943342267
blisters,0.4283493226011112
stunning,0.6370371123060391
remote,0.35491344515783846
locations,0.4009050804861518
laziest,0.3837344470519279
considered,0.42224445866406907
impersonations,0.44805919959381785
buying,0.40311287668568263
Telling,0.4266389732887391
Obviously,0.4003462122489507
ignoring,0.38675750695616995
exploring,0.7002320887642806
crafty,0.417823934880717
ordering,0.39847806027138427
realizing,0.49551446338773875
unintentionally,0.45168805625704705
transformation,0.5157164828029457
backward,0.33756003073515384
closing,0.3933030213215521
springs,0.33756569624867255
troubles,0.3140652209878563
cheering,0.516356379733906
acorns,0.30158615451497667
markings,0.34008694322621547
nights,0.31832919184003006
approaches,0.5164231661164134
devastation,0.30861634962831214
methods,0.33494368659817714
specifically,0.468134966423056
acknowledge,0.3366073758629618
aching,0.515103856550073
outmatched,0.31670437147363345
your-,0.3485986342834973
Faster,0.32229022140712515
Sailing,0.40572918189682744
fragrant,0.3770620965311845
boarding,0.3887793867075402
Refreshed,0.3982810503882906
contacts,0.34438806300821356
passages,0.31623873681982984
eagerly,0.3385959392659424
awaited,0.3021188645909619
simultaneous,0.4582905561160381
casing,0.36527060077747175
Definitely,0.48910524207005435
definition,0.42944459630839826
smokescreen,0.3219752562003154
Stronger,0.4311705233623397
Mastering,0.5315541254668292
contribution,0.4073718885547367
appreciates,0.5075497695424394
ratting,0.4376384812645413
practically,0.4845554273089559
teams,0.30463759355978565
wheeling,0.43389277075229116
darling,0.3320920778331936
soaking,0.33760937680707404
craftsmanship,0.41409974962207363
latest,0.49464472614279936
fashion,0.4216608568412988
Loving,0.3747955414576803
rooting,0.4501976423673524
quitter,0.5053052882042238
cleverly,0.4814773553182851
advantages,0.4829739307999278
drought,0.36590854286480423
demonstrated,0.43876904238954595
demonstrate,0.4634246912355428
fistfight,0.3010016023713995
fearless,0.4579723889390411
matchless,0.5079710270747577
